Email,Special
daniel@gmail.com,English3units
daniel@gmail.com,English4units
daniel@gmail.com,English5units
daniel@gmail.com,Math4units
daniel@gmail.com,Math5units
david@gmail.com,English3units
david@gmail.com,English4units
david@gmail.com,English5units
david@gmail.com,Math3units
david@gmail.com,Math4units
david@gmail.com,Math5units
david@gmail.com,Physics
eli@gmail.com,Math3units
eli@gmail.com,Math4units
eli@gmail.com,Math5units
eli@gmail.com,Physics
eti@fmail.com,English3units
eti@fmail.com,English4units
eti@fmail.com,English5units
eti@fmail.com,Physics
itay@gmail.com,English3units
itay@gmail.com,English4units
itay@gmail.com,English5units
itay@gmail.com,Math4units
itay@gmail.com,Math5units
itay@gmail.com,Physics
linoy@gmail.com,English3units
linoy@gmail.com,English4units
linoy@gmail.com,Math3units
linoy@gmail.com,Math4units
linoy@gmail.com,Physics
ori@gmail.com,English3units
ori@gmail.com,English4units
ori@gmail.com,English5units
ori@gmail.com,Math3units
ori@gmail.com,Math4units
revital@gmail.com,English3units
revital@gmail.com,English4units
revital@gmail.com,Math3units
revital@gmail.com,Math4units
roei@gmail.com,Math3units
roei@gmail.com,Math4units
roei@gmail.com,Math5units
roei@gmail.com,Physics
roni@gmail.com,English3units
roni@gmail.com,English4units
roni@gmail.com,English5units
roni@gmail.com,Math3units
roni@gmail.com,Math4units
roni@gmail.com,Math5units
roni@gmail.com,Physics
rotem@gmail.com,English4units
rotem@gmail.com,English5units
rotem@gmail.com,Math4units
rotem@gmail.com,Math5units
rotem@gmail.com,Physics
shahar@gmail.com,Math3units
shahar@gmail.com,Math4units
shahar@gmail.com,Math5units
shahar@gmail.com,Physics
shiramar20014@gmail.com,English3units
shiramar20014@gmail.com,English4units
shiramar20014@gmail.com,English5units
shiramar20014@gmail.com,Math3units
shiramar20014@gmail.com,Math4units
shiramar20014@gmail.com,Math5units
yael@gmail.com,English3units
yael@gmail.com,English4units
yael@gmail.com,English5units
yael@gmail.com,Math3units
yael@gmail.com,Math4units
yael@gmail.com,Math5units
yael@gmail.com,Physics
yoav@gmail.com,English3units
yoav@gmail.com,English4units
yoav@gmail.com,English5units
yoav@gmail.com,Math3units
yoav@gmail.com,Math4units
yoav@gmail.com,Math5units
yoav@gmail.com,Physics
